insert into PERSONATYPE (PersonaTypeid, PersonaCode, BookLimit, DaysLimit) values (1, 2, 20, 45);
insert into PERSONATYPE (PersonaTypeid, PersonaCode, BookLimit, DaysLimit) values (2, 1, 15, 30);
insert into PERSONATYPE (PersonaTypeid, PersonaCode, BookLimit, DaysLimit) values (3, 1, 15, 30);
insert into PERSONATYPE (PersonaTypeid, PersonaCode, BookLimit, DaysLimit) values (4, 2, 20, 45);
insert into PERSONATYPE (PersonaTypeid, PersonaCode, BookLimit, DaysLimit) values (5, 1, 15, 30);
insert into PERSONATYPE (PersonaTypeid, PersonaCode, BookLimit, DaysLimit) values (6, 2, 20, 45);
insert into PERSONATYPE (PersonaTypeid, PersonaCode, BookLimit, DaysLimit) values (7, 1, 15, 30);
insert into PERSONATYPE (PersonaTypeid, PersonaCode, BookLimit, DaysLimit) values (8, 2, 20, 45);
insert into PERSONATYPE (PersonaTypeid, PersonaCode, BookLimit, DaysLimit) values (9, 1, 15, 30);
insert into PERSONATYPE (PersonaTypeid, PersonaCode, BookLimit, DaysLimit) values (10, 2, 20, 45);
insert into PERSONATYPE (PersonaTypeid, PersonaCode, BookLimit, DaysLimit) values (11, 2, 20, 45);
insert into PERSONATYPE (PersonaTypeid, PersonaCode, BookLimit, DaysLimit) values (12, 2, 20, 45);
insert into PERSONATYPE (PersonaTypeid, PersonaCode, BookLimit, DaysLimit) values (13, 2, 20, 45);
insert into PERSONATYPE (PersonaTypeid, PersonaCode, BookLimit, DaysLimit) values (14, 2, 20, 45);
insert into PERSONATYPE (PersonaTypeid, PersonaCode, BookLimit, DaysLimit) values (15, 1, 15, 30);
insert into PERSONATYPE (PersonaTypeid, PersonaCode, BookLimit, DaysLimit) values (16, 1, 15, 30);
insert into PERSONATYPE (PersonaTypeid, PersonaCode, BookLimit, DaysLimit) values (17, 2, 20, 45);
insert into PERSONATYPE (PersonaTypeid, PersonaCode, BookLimit, DaysLimit) values (18, 1, 15, 30);
insert into PERSONATYPE (PersonaTypeid, PersonaCode, BookLimit, DaysLimit) values (19, 2, 20, 45);
insert into PERSONATYPE (PersonaTypeid, PersonaCode, BookLimit, DaysLimit) values (20, 2, 20, 45);
insert into PERSONATYPE (PersonaTypeid, PersonaCode, BookLimit, DaysLimit) values (21, 1, 15, 30);
insert into PERSONATYPE (PersonaTypeid, PersonaCode, BookLimit, DaysLimit) values (22, 1, 15, 30);
insert into PERSONATYPE (PersonaTypeid, PersonaCode, BookLimit, DaysLimit) values (23, 2, 20, 45);
insert into PERSONATYPE (PersonaTypeid, PersonaCode, BookLimit, DaysLimit) values (24, 2, 20, 45);
insert into PERSONATYPE (PersonaTypeid, PersonaCode, BookLimit, DaysLimit) values (25, 2, 20, 45);
insert into PERSONATYPE (PersonaTypeid, PersonaCode, BookLimit, DaysLimit) values (26, 2, 20, 45);
insert into PERSONATYPE (PersonaTypeid, PersonaCode, BookLimit, DaysLimit) values (27, 1, 15, 30);
insert into PERSONATYPE (PersonaTypeid, PersonaCode, BookLimit, DaysLimit) values (28, 1, 15, 30);
insert into PERSONATYPE (PersonaTypeid, PersonaCode, BookLimit, DaysLimit) values (29, 2, 20, 45);
insert into PERSONATYPE (PersonaTypeid, PersonaCode, BookLimit, DaysLimit) values (30, 2, 20, 45);
insert into PERSONATYPE (PersonaTypeid, PersonaCode, BookLimit, DaysLimit) values (31, 1, 15, 30);
insert into PERSONATYPE (PersonaTypeid, PersonaCode, BookLimit, DaysLimit) values (32, 2, 20, 45);
insert into PERSONATYPE (PersonaTypeid, PersonaCode, BookLimit, DaysLimit) values (33, 1, 15, 30);
insert into PERSONATYPE (PersonaTypeid, PersonaCode, BookLimit, DaysLimit) values (34, 2, 20, 45);
insert into PERSONATYPE (PersonaTypeid, PersonaCode, BookLimit, DaysLimit) values (35, 1, 15, 30);
insert into PERSONATYPE (PersonaTypeid, PersonaCode, BookLimit, DaysLimit) values (36, 1, 15, 30);
insert into PERSONATYPE (PersonaTypeid, PersonaCode, BookLimit, DaysLimit) values (37, 1, 15, 30);
insert into PERSONATYPE (PersonaTypeid, PersonaCode, BookLimit, DaysLimit) values (38, 2, 20, 45);
insert into PERSONATYPE (PersonaTypeid, PersonaCode, BookLimit, DaysLimit) values (39, 1, 15, 30);
insert into PERSONATYPE (PersonaTypeid, PersonaCode, BookLimit, DaysLimit) values (40, 1, 15, 30);
insert into PERSONATYPE (PersonaTypeid, PersonaCode, BookLimit, DaysLimit) values (41, 2, 20, 45);
insert into PERSONATYPE (PersonaTypeid, PersonaCode, BookLimit, DaysLimit) values (42, 2, 20, 45);
insert into PERSONATYPE (PersonaTypeid, PersonaCode, BookLimit, DaysLimit) values (43, 2, 20, 45);
insert into PERSONATYPE (PersonaTypeid, PersonaCode, BookLimit, DaysLimit) values (44, 2, 20, 45);
insert into PERSONATYPE (PersonaTypeid, PersonaCode, BookLimit, DaysLimit) values (45, 2, 20, 45);
insert into PERSONATYPE (PersonaTypeid, PersonaCode, BookLimit, DaysLimit) values (46, 2, 20, 45);
insert into PERSONATYPE (PersonaTypeid, PersonaCode, BookLimit, DaysLimit) values (47, 1, 15, 30);
insert into PERSONATYPE (PersonaTypeid, PersonaCode, BookLimit, DaysLimit) values (48, 2, 20, 45);
insert into PERSONATYPE (PersonaTypeid, PersonaCode, BookLimit, DaysLimit) values (49, 2, 20, 45);
insert into PERSONATYPE (PersonaTypeid, PersonaCode, BookLimit, DaysLimit) values (50, 1, 15, 30);
insert into PERSONATYPE (PersonaTypeid, PersonaCode, BookLimit, DaysLimit) values (51, 1, 15, 30);
insert into PERSONATYPE (PersonaTypeid, PersonaCode, BookLimit, DaysLimit) values (52, 1, 15, 30);
insert into PERSONATYPE (PersonaTypeid, PersonaCode, BookLimit, DaysLimit) values (53, 2, 20, 45);
insert into PERSONATYPE (PersonaTypeid, PersonaCode, BookLimit, DaysLimit) values (54, 2, 20, 45);
insert into PERSONATYPE (PersonaTypeid, PersonaCode, BookLimit, DaysLimit) values (55, 2, 20, 45);
insert into PERSONATYPE (PersonaTypeid, PersonaCode, BookLimit, DaysLimit) values (56, 2, 20, 45);
insert into PERSONATYPE (PersonaTypeid, PersonaCode, BookLimit, DaysLimit) values (57, 2, 20, 45);
insert into PERSONATYPE (PersonaTypeid, PersonaCode, BookLimit, DaysLimit) values (58, 1, 15, 30);
insert into PERSONATYPE (PersonaTypeid, PersonaCode, BookLimit, DaysLimit) values (59, 2, 20, 45);
insert into PERSONATYPE (PersonaTypeid, PersonaCode, BookLimit, DaysLimit) values (60, 1, 15, 30);
insert into PERSONATYPE (PersonaTypeid, PersonaCode, BookLimit, DaysLimit) values (61, 2, 20, 45);
insert into PERSONATYPE (PersonaTypeid, PersonaCode, BookLimit, DaysLimit) values (62, 1, 15, 30);
insert into PERSONATYPE (PersonaTypeid, PersonaCode, BookLimit, DaysLimit) values (63, 2, 20, 45);
insert into PERSONATYPE (PersonaTypeid, PersonaCode, BookLimit, DaysLimit) values (64, 1, 15, 30);
insert into PERSONATYPE (PersonaTypeid, PersonaCode, BookLimit, DaysLimit) values (65, 1, 15, 30);
insert into PERSONATYPE (PersonaTypeid, PersonaCode, BookLimit, DaysLimit) values (66, 2, 20, 45);
insert into PERSONATYPE (PersonaTypeid, PersonaCode, BookLimit, DaysLimit) values (67, 1, 15, 30);
insert into PERSONATYPE (PersonaTypeid, PersonaCode, BookLimit, DaysLimit) values (68, 2, 20, 45);
insert into PERSONATYPE (PersonaTypeid, PersonaCode, BookLimit, DaysLimit) values (69, 2, 20, 45);
insert into PERSONATYPE (PersonaTypeid, PersonaCode, BookLimit, DaysLimit) values (70, 2, 20, 45);
insert into PERSONATYPE (PersonaTypeid, PersonaCode, BookLimit, DaysLimit) values (71, 2, 20, 45);
insert into PERSONATYPE (PersonaTypeid, PersonaCode, BookLimit, DaysLimit) values (72, 1, 15, 30);
insert into PERSONATYPE (PersonaTypeid, PersonaCode, BookLimit, DaysLimit) values (73, 2, 20, 45);
insert into PERSONATYPE (PersonaTypeid, PersonaCode, BookLimit, DaysLimit) values (74, 2, 20, 45);
insert into PERSONATYPE (PersonaTypeid, PersonaCode, BookLimit, DaysLimit) values (75, 2, 20, 45);
insert into PERSONATYPE (PersonaTypeid, PersonaCode, BookLimit, DaysLimit) values (76, 2, 20, 45);
insert into PERSONATYPE (PersonaTypeid, PersonaCode, BookLimit, DaysLimit) values (77, 1, 15, 30);
insert into PERSONATYPE (PersonaTypeid, PersonaCode, BookLimit, DaysLimit) values (78, 2, 20, 45);
insert into PERSONATYPE (PersonaTypeid, PersonaCode, BookLimit, DaysLimit) values (79, 1, 15, 30);
insert into PERSONATYPE (PersonaTypeid, PersonaCode, BookLimit, DaysLimit) values (80, 1, 15, 30);
insert into PERSONATYPE (PersonaTypeid, PersonaCode, BookLimit, DaysLimit) values (81, 2, 20, 45);
insert into PERSONATYPE (PersonaTypeid, PersonaCode, BookLimit, DaysLimit) values (82, 1, 15, 30);
insert into PERSONATYPE (PersonaTypeid, PersonaCode, BookLimit, DaysLimit) values (83, 2, 20, 45);
insert into PERSONATYPE (PersonaTypeid, PersonaCode, BookLimit, DaysLimit) values (84, 2, 20, 45);
insert into PERSONATYPE (PersonaTypeid, PersonaCode, BookLimit, DaysLimit) values (85, 1, 15, 30);
insert into PERSONATYPE (PersonaTypeid, PersonaCode, BookLimit, DaysLimit) values (86, 2, 20, 45);
insert into PERSONATYPE (PersonaTypeid, PersonaCode, BookLimit, DaysLimit) values (87, 2, 20, 45);
insert into PERSONATYPE (PersonaTypeid, PersonaCode, BookLimit, DaysLimit) values (88, 2, 20, 45);
insert into PERSONATYPE (PersonaTypeid, PersonaCode, BookLimit, DaysLimit) values (89, 1, 15, 30);
insert into PERSONATYPE (PersonaTypeid, PersonaCode, BookLimit, DaysLimit) values (90, 1, 15, 30);
insert into PERSONATYPE (PersonaTypeid, PersonaCode, BookLimit, DaysLimit) values (91, 2, 20, 45);
insert into PERSONATYPE (PersonaTypeid, PersonaCode, BookLimit, DaysLimit) values (92, 1, 15, 30);
insert into PERSONATYPE (PersonaTypeid, PersonaCode, BookLimit, DaysLimit) values (93, 1, 15, 30);
insert into PERSONATYPE (PersonaTypeid, PersonaCode, BookLimit, DaysLimit) values (94, 2, 20, 45);
insert into PERSONATYPE (PersonaTypeid, PersonaCode, BookLimit, DaysLimit) values (95, 2, 20, 45);
insert into PERSONATYPE (PersonaTypeid, PersonaCode, BookLimit, DaysLimit) values (96, 1, 15, 30);
insert into PERSONATYPE (PersonaTypeid, PersonaCode, BookLimit, DaysLimit) values (97, 2, 20, 45);
insert into PERSONATYPE (PersonaTypeid, PersonaCode, BookLimit, DaysLimit) values (98, 1, 15, 30);
insert into PERSONATYPE (PersonaTypeid, PersonaCode, BookLimit, DaysLimit) values (99, 1, 15, 30);
insert into PERSONATYPE (PersonaTypeid, PersonaCode, BookLimit, DaysLimit) values (100, 2, 20, 45);

insert into PERSONA (Personaid, FirstName, LastName, PersonaTypeId) values (1, 'Shana', 'Pidduck', 8);
insert into PERSONA (Personaid, FirstName, LastName, PersonaTypeId) values (2, 'Lorianna', 'Heads', 29);
insert into PERSONA (Personaid, FirstName, LastName, PersonaTypeId) values (3, 'Dante', 'Meynell', 69);
insert into PERSONA (Personaid, FirstName, LastName, PersonaTypeId) values (4, 'Osbourn', 'Frankton', 75);
insert into PERSONA (Personaid, FirstName, LastName, PersonaTypeId) values (5, 'Tobias', 'Bortoletti', 55);
insert into PERSONA (Personaid, FirstName, LastName, PersonaTypeId) values (6, 'Jon', 'Aire', 5);
insert into PERSONA (Personaid, FirstName, LastName, PersonaTypeId) values (7, 'Cindra', 'Kunes', 45);
insert into PERSONA (Personaid, FirstName, LastName, PersonaTypeId) values (8, 'Ella', 'Tunsley', 58);
insert into PERSONA (Personaid, FirstName, LastName, PersonaTypeId) values (9, 'Humbert', 'D''Adda', 35);
insert into PERSONA (Personaid, FirstName, LastName, PersonaTypeId) values (10, 'Gabrielle', 'Motten', 48);
insert into PERSONA (Personaid, FirstName, LastName, PersonaTypeId) values (11, 'Jaclyn', 'Bessey', 77);
insert into PERSONA (Personaid, FirstName, LastName, PersonaTypeId) values (12, 'Jerry', 'Uwins', 67);
insert into PERSONA (Personaid, FirstName, LastName, PersonaTypeId) values (13, 'Walther', 'Coldrick', 97);
insert into PERSONA (Personaid, FirstName, LastName, PersonaTypeId) values (14, 'Reid', 'Halliburton', 66);
insert into PERSONA (Personaid, FirstName, LastName, PersonaTypeId) values (15, 'Gena', 'Hatherell', 34);
insert into PERSONA (Personaid, FirstName, LastName, PersonaTypeId) values (16, 'Dela', 'Lafee', 36);
insert into PERSONA (Personaid, FirstName, LastName, PersonaTypeId) values (17, 'Trey', 'Tanser', 86);
insert into PERSONA (Personaid, FirstName, LastName, PersonaTypeId) values (18, 'Rozamond', 'Trouncer', 31);
insert into PERSONA (Personaid, FirstName, LastName, PersonaTypeId) values (19, 'Patti', 'Welbrock', 97);
insert into PERSONA (Personaid, FirstName, LastName, PersonaTypeId) values (20, 'Pearce', 'Casaletto', 59);
insert into PERSONA (Personaid, FirstName, LastName, PersonaTypeId) values (21, 'Carlin', 'Gliddon', 19);
insert into PERSONA (Personaid, FirstName, LastName, PersonaTypeId) values (22, 'Brook', 'Hexham', 40);
insert into PERSONA (Personaid, FirstName, LastName, PersonaTypeId) values (23, 'Leo', 'MacGiany', 46);
insert into PERSONA (Personaid, FirstName, LastName, PersonaTypeId) values (24, 'Kareem', 'Scaife', 23);
insert into PERSONA (Personaid, FirstName, LastName, PersonaTypeId) values (25, 'Karel', 'Hover', 66);
insert into PERSONA (Personaid, FirstName, LastName, PersonaTypeId) values (26, 'Myrtle', 'Binks', 19);
insert into PERSONA (Personaid, FirstName, LastName, PersonaTypeId) values (27, 'Jehu', 'Blethyn', 98);
insert into PERSONA (Personaid, FirstName, LastName, PersonaTypeId) values (28, 'Quent', 'Gonnard', 88);
insert into PERSONA (Personaid, FirstName, LastName, PersonaTypeId) values (29, 'Inger', 'Borris', 49);
insert into PERSONA (Personaid, FirstName, LastName, PersonaTypeId) values (30, 'Blair', 'Vina', 28);
insert into PERSONA (Personaid, FirstName, LastName, PersonaTypeId) values (31, 'Chlo', 'Wheelhouse', 13);
insert into PERSONA (Personaid, FirstName, LastName, PersonaTypeId) values (32, 'Hilton', 'Lafranconi', 38);
insert into PERSONA (Personaid, FirstName, LastName, PersonaTypeId) values (33, 'Hoebart', 'Peal', 54);
insert into PERSONA (Personaid, FirstName, LastName, PersonaTypeId) values (34, 'Tish', 'Brizell', 93);
insert into PERSONA (Personaid, FirstName, LastName, PersonaTypeId) values (35, 'Darrick', 'Ghioni', 48);
insert into PERSONA (Personaid, FirstName, LastName, PersonaTypeId) values (36, 'Tibold', 'Clarricoates', 15);
insert into PERSONA (Personaid, FirstName, LastName, PersonaTypeId) values (37, 'Lida', 'Sarney', 25);
insert into PERSONA (Personaid, FirstName, LastName, PersonaTypeId) values (38, 'Lorita', 'Egre', 54);
insert into PERSONA (Personaid, FirstName, LastName, PersonaTypeId) values (39, 'Hilary', 'Eplett', 38);
insert into PERSONA (Personaid, FirstName, LastName, PersonaTypeId) values (40, 'Melloney', 'Pirazzi', 46);
insert into PERSONA (Personaid, FirstName, LastName, PersonaTypeId) values (41, 'Ardelis', 'Leggat', 39);
insert into PERSONA (Personaid, FirstName, LastName, PersonaTypeId) values (42, 'Rochella', 'Littell', 19);
insert into PERSONA (Personaid, FirstName, LastName, PersonaTypeId) values (43, 'Marina', 'Kalkhoven', 9);
insert into PERSONA (Personaid, FirstName, LastName, PersonaTypeId) values (44, 'Erhard', 'Madeley', 38);
insert into PERSONA (Personaid, FirstName, LastName, PersonaTypeId) values (45, 'Puff', 'Deex', 85);
insert into PERSONA (Personaid, FirstName, LastName, PersonaTypeId) values (46, 'Mareah', 'Boldero', 89);
insert into PERSONA (Personaid, FirstName, LastName, PersonaTypeId) values (47, 'Amelie', 'Woolford', 34);
insert into PERSONA (Personaid, FirstName, LastName, PersonaTypeId) values (48, 'Austin', 'McFie', 42);
insert into PERSONA (Personaid, FirstName, LastName, PersonaTypeId) values (49, 'Jeanna', 'Gudahy', 54);
insert into PERSONA (Personaid, FirstName, LastName, PersonaTypeId) values (50, 'Iggy', 'Skyme', 58);
insert into PERSONA (Personaid, FirstName, LastName, PersonaTypeId) values (51, 'Gwendolin', 'Hearons', 60);
insert into PERSONA (Personaid, FirstName, LastName, PersonaTypeId) values (52, 'Wilfred', 'Ruddlesden', 73);
insert into PERSONA (Personaid, FirstName, LastName, PersonaTypeId) values (53, 'Jose', 'Ramsey', 44);
insert into PERSONA (Personaid, FirstName, LastName, PersonaTypeId) values (54, 'Maddie', 'Drowsfield', 58);
insert into PERSONA (Personaid, FirstName, LastName, PersonaTypeId) values (55, 'Benita', 'McQuarrie', 91);
insert into PERSONA (Personaid, FirstName, LastName, PersonaTypeId) values (56, 'Ethelbert', 'Minichillo', 16);
insert into PERSONA (Personaid, FirstName, LastName, PersonaTypeId) values (57, 'Floria', 'Domico', 100);
insert into PERSONA (Personaid, FirstName, LastName, PersonaTypeId) values (58, 'Ede', 'Lusty', 43);
insert into PERSONA (Personaid, FirstName, LastName, PersonaTypeId) values (59, 'Lynea', 'Duggen', 1);
insert into PERSONA (Personaid, FirstName, LastName, PersonaTypeId) values (60, 'Salmon', 'Wilde', 14);
insert into PERSONA (Personaid, FirstName, LastName, PersonaTypeId) values (61, 'Garrek', 'Deadman', 3);
insert into PERSONA (Personaid, FirstName, LastName, PersonaTypeId) values (62, 'Blakeley', 'Whiscard', 8);
insert into PERSONA (Personaid, FirstName, LastName, PersonaTypeId) values (63, 'Weber', 'Griffey', 44);
insert into PERSONA (Personaid, FirstName, LastName, PersonaTypeId) values (64, 'Verney', 'McKue', 29);
insert into PERSONA (Personaid, FirstName, LastName, PersonaTypeId) values (65, 'Morgen', 'William', 100);
insert into PERSONA (Personaid, FirstName, LastName, PersonaTypeId) values (66, 'Hastie', 'Brook', 60);
insert into PERSONA (Personaid, FirstName, LastName, PersonaTypeId) values (67, 'Agace', 'Burnip', 77);
insert into PERSONA (Personaid, FirstName, LastName, PersonaTypeId) values (68, 'Vita', 'Alwin', 86);
insert into PERSONA (Personaid, FirstName, LastName, PersonaTypeId) values (69, 'Giuditta', 'Bridle', 52);
insert into PERSONA (Personaid, FirstName, LastName, PersonaTypeId) values (70, 'Tyrone', 'Olivella', 1);
insert into PERSONA (Personaid, FirstName, LastName, PersonaTypeId) values (71, 'Marchelle', 'Pallasch', 67);
insert into PERSONA (Personaid, FirstName, LastName, PersonaTypeId) values (72, 'Riobard', 'Clymo', 34);
insert into PERSONA (Personaid, FirstName, LastName, PersonaTypeId) values (73, 'Natalie', 'Sandeford', 74);
insert into PERSONA (Personaid, FirstName, LastName, PersonaTypeId) values (74, 'Dorrie', 'Hales', 44);
insert into PERSONA (Personaid, FirstName, LastName, PersonaTypeId) values (75, 'Alfons', 'Elland', 84);
insert into PERSONA (Personaid, FirstName, LastName, PersonaTypeId) values (76, 'Skyler', 'Palmby', 14);
insert into PERSONA (Personaid, FirstName, LastName, PersonaTypeId) values (77, 'Rici', 'Calverley', 71);
insert into PERSONA (Personaid, FirstName, LastName, PersonaTypeId) values (78, 'Krissy', 'Crotch', 61);
insert into PERSONA (Personaid, FirstName, LastName, PersonaTypeId) values (79, 'Duncan', 'Lightoller', 29);
insert into PERSONA (Personaid, FirstName, LastName, PersonaTypeId) values (80, 'Reinald', 'Winridge', 62);
insert into PERSONA (Personaid, FirstName, LastName, PersonaTypeId) values (81, 'Margarette', 'Berends', 31);
insert into PERSONA (Personaid, FirstName, LastName, PersonaTypeId) values (82, 'Clim', 'Cootes', 51);
insert into PERSONA (Personaid, FirstName, LastName, PersonaTypeId) values (83, 'Dolley', 'Rozanski', 7);
insert into PERSONA (Personaid, FirstName, LastName, PersonaTypeId) values (84, 'Marleah', 'Woodyatt', 11);
insert into PERSONA (Personaid, FirstName, LastName, PersonaTypeId) values (85, 'Emmey', 'Surby', 61);
insert into PERSONA (Personaid, FirstName, LastName, PersonaTypeId) values (86, 'Garrard', 'Bruhnicke', 5);
insert into PERSONA (Personaid, FirstName, LastName, PersonaTypeId) values (87, 'Kiley', 'Daft', 20);
insert into PERSONA (Personaid, FirstName, LastName, PersonaTypeId) values (88, 'Roosevelt', 'Moynihan', 59);
insert into PERSONA (Personaid, FirstName, LastName, PersonaTypeId) values (89, 'Gray', 'Frankton', 33);
insert into PERSONA (Personaid, FirstName, LastName, PersonaTypeId) values (90, 'Kip', 'Rentoll', 8);
insert into PERSONA (Personaid, FirstName, LastName, PersonaTypeId) values (91, 'Muffin', 'Alcoran', 61);
insert into PERSONA (Personaid, FirstName, LastName, PersonaTypeId) values (92, 'Robbin', 'Sterrick', 22);
insert into PERSONA (Personaid, FirstName, LastName, PersonaTypeId) values (93, 'Doralynn', 'Chastang', 46);
insert into PERSONA (Personaid, FirstName, LastName, PersonaTypeId) values (94, 'Timmy', 'Kenn', 30);
insert into PERSONA (Personaid, FirstName, LastName, PersonaTypeId) values (95, 'Cobby', 'Shakesby', 13);
insert into PERSONA (Personaid, FirstName, LastName, PersonaTypeId) values (96, 'Chaim', 'Pawlik', 11);
insert into PERSONA (Personaid, FirstName, LastName, PersonaTypeId) values (97, 'Gifford', 'Cattach', 14);
insert into PERSONA (Personaid, FirstName, LastName, PersonaTypeId) values (98, 'Arlette', 'Merring', 67);
insert into PERSONA (Personaid, FirstName, LastName, PersonaTypeId) values (99, 'Dorotea', 'Colquyte', 67);
insert into PERSONA (Personaid, FirstName, LastName, PersonaTypeId) values (100, 'Merlina', 'Tourmell', 33);

insert into BOOK (Bookid, Title, Copies, Publisher) values (1, 'Gold', 20, 'Beer LLC');
insert into BOOK (Bookid, Title, Copies, Publisher) values (2, 'Year of the Yao, The', 4, 'Baumbach, Harvey and Nienow');
insert into BOOK (Bookid, Title, Copies, Publisher) values (3, 'Tremors II: Aftershocks', 18, 'Bruen and Sons');
insert into BOOK (Bookid, Title, Copies, Publisher) values (4, 'Letter, The', 14, 'Robel, Roob and Orn');
insert into BOOK (Bookid, Title, Copies, Publisher) values (5, 'Perfect Score, The', 1, 'Leannon-Hodkiewicz');
insert into BOOK (Bookid, Title, Copies, Publisher) values (6, 'Newton Boys, The', 9, 'Sauer-Rosenbaum');
insert into BOOK (Bookid, Title, Copies, Publisher) values (7, 'Because You''re Mine', 14, 'McCullough, Ullrich and Sporer');
insert into BOOK (Bookid, Title, Copies, Publisher) values (8, 'Mission Congo', 27, 'Kertzmann and Sons');
insert into BOOK (Bookid, Title, Copies, Publisher) values (9, 'Lady Snowblood (Shurayukihime)', 14, 'Wolff, Aufderhar and Barton');
insert into BOOK (Bookid, Title, Copies, Publisher) values (10, 'Mystics in Bali (Leák)', 27, 'Feeney-White');
insert into BOOK (Bookid, Title, Copies, Publisher) values (11, 'Easier with Practice', 20, 'Ullrich LLC');
insert into BOOK (Bookid, Title, Copies, Publisher) values (12, 'No Man''s Land', 26, 'Botsford, Wilkinson and Lockman');
insert into BOOK (Bookid, Title, Copies, Publisher) values (13, 'Iron Sky', 19, 'Runolfsson, Romaguera and Shanahan');
insert into BOOK (Bookid, Title, Copies, Publisher) values (14, 'The Butterfly Effect', 17, 'Schultz-Schinner');
insert into BOOK (Bookid, Title, Copies, Publisher) values (15, 'Private Parts', 13, 'Funk-Roberts');
insert into BOOK (Bookid, Title, Copies, Publisher) values (16, 'Homevideo', 25, 'Fisher, Kling and Donnelly');
insert into BOOK (Bookid, Title, Copies, Publisher) values (17, 'Son of Godzilla (Kaijûtô no kessen: Gojira no musuko)', 29, 'Torp-Heidenreich');
insert into BOOK (Bookid, Title, Copies, Publisher) values (18, 'You Killed Me First', 4, 'Steuber Group');
insert into BOOK (Bookid, Title, Copies, Publisher) values (19, 'Things You Can Tell Just by Looking at Her', 25, 'Sporer, Ortiz and Robel');
insert into BOOK (Bookid, Title, Copies, Publisher) values (20, 'Pied Piper, The (Pied Piper of Hamelin, The)', 6, 'Predovic-Braun');
insert into BOOK (Bookid, Title, Copies, Publisher) values (21, 'Eight Miles High (Das wilde Leben)', 23, 'Dibbert-Hills');
insert into BOOK (Bookid, Title, Copies, Publisher) values (22, 'Beethoven''s 5th', 8, 'Greenholt Inc');
insert into BOOK (Bookid, Title, Copies, Publisher) values (23, 'Avengers, The', 6, 'Kshlerin-Herzog');
insert into BOOK (Bookid, Title, Copies, Publisher) values (24, 'Surviving Picasso', 24, 'West-Ritchie');
insert into BOOK (Bookid, Title, Copies, Publisher) values (25, 'Sincerely Yours', 8, 'Hagenes, Hintz and Kerluke');
insert into BOOK (Bookid, Title, Copies, Publisher) values (26, 'Emma''s Bliss (Emmas Glück)', 8, 'Bergnaum and Sons');
insert into BOOK (Bookid, Title, Copies, Publisher) values (27, 'Attila (Attila Flagello di Dio)', 1, 'Haley-Jones');
insert into BOOK (Bookid, Title, Copies, Publisher) values (28, 'Petrified Forest, The', 19, 'Haag Group');
insert into BOOK (Bookid, Title, Copies, Publisher) values (29, 'Hound of the Baskervilles, The', 8, 'Dicki Inc');
insert into BOOK (Bookid, Title, Copies, Publisher) values (30, 'Assembly (Ji jie hao) ', 9, 'Ruecker, Heathcote and Parisian');
insert into BOOK (Bookid, Title, Copies, Publisher) values (31, 'Possible Worlds', 23, 'Deckow-Barton');
insert into BOOK (Bookid, Title, Copies, Publisher) values (32, 'Going the Distance', 8, 'Stroman-McLaughlin');
insert into BOOK (Bookid, Title, Copies, Publisher) values (33, 'Rashomon (Rashômon)', 20, 'Heidenreich-Keeling');
insert into BOOK (Bookid, Title, Copies, Publisher) values (34, 'Full Moon High', 15, 'Roberts-Green');
insert into BOOK (Bookid, Title, Copies, Publisher) values (35, 'Thing: Terror Takes Shape, The', 25, 'Jerde-Borer');
insert into BOOK (Bookid, Title, Copies, Publisher) values (36, 'Reap the Wild Wind', 21, 'Bogan-Hayes');
insert into BOOK (Bookid, Title, Copies, Publisher) values (37, 'Bad Day at Black Rock', 14, 'Moore Inc');
insert into BOOK (Bookid, Title, Copies, Publisher) values (38, 'Playing by Heart', 7, 'Stracke Inc');
insert into BOOK (Bookid, Title, Copies, Publisher) values (39, 'Down From the Mountain', 15, 'Gusikowski, Greenholt and Kunde');
insert into BOOK (Bookid, Title, Copies, Publisher) values (40, 'Second Jungle Book: Mowgli & Baloo, The', 24, 'Rolfson Inc');
insert into BOOK (Bookid, Title, Copies, Publisher) values (41, 'Catch-22', 24, 'O''Conner, Trantow and Lebsack');
insert into BOOK (Bookid, Title, Copies, Publisher) values (42, 'Deadly Surveillance', 10, 'Dickens-VonRueden');
insert into BOOK (Bookid, Title, Copies, Publisher) values (43, 'Zeus and Roxanne', 3, 'Sawayn, Rempel and Doyle');
insert into BOOK (Bookid, Title, Copies, Publisher) values (44, '1911 (Xinhai geming)', 7, 'Hessel, Bayer and Keeling');
insert into BOOK (Bookid, Title, Copies, Publisher) values (45, 'Secret, The', 22, 'Larkin and Sons');
insert into BOOK (Bookid, Title, Copies, Publisher) values (46, 'Million to Juan, A', 13, 'Wilkinson-Schulist');
insert into BOOK (Bookid, Title, Copies, Publisher) values (47, 'Burke and Hare', 18, 'Halvorson and Sons');
insert into BOOK (Bookid, Title, Copies, Publisher) values (48, 'Karla', 12, 'Quigley-Hartmann');
insert into BOOK (Bookid, Title, Copies, Publisher) values (49, '6ixtynin9 (Ruang Talok 69)', 3, 'Gleason, Nolan and Koepp');
insert into BOOK (Bookid, Title, Copies, Publisher) values (50, 'Face of Another, The (Tanin no kao)', 8, 'Miller, Zulauf and Grimes');
insert into BOOK (Bookid, Title, Copies, Publisher) values (51, 'Heavyweights (Heavy Weights)', 26, 'Barton and Sons');
insert into BOOK (Bookid, Title, Copies, Publisher) values (52, 'Promised Life, The (Vie promise, La)', 25, 'Walker-Boyle');
insert into BOOK (Bookid, Title, Copies, Publisher) values (53, 'December 7th', 23, 'Brakus, Thompson and Zemlak');
insert into BOOK (Bookid, Title, Copies, Publisher) values (54, 'And the Band Played On', 28, 'Kreiger-Runolfsdottir');
insert into BOOK (Bookid, Title, Copies, Publisher) values (55, 'Particle Fever', 13, 'Morissette and Sons');
insert into BOOK (Bookid, Title, Copies, Publisher) values (56, 'Come Out and Play', 15, 'Schmeler-Keebler');
insert into BOOK (Bookid, Title, Copies, Publisher) values (57, 'Amsterdamned', 4, 'Herzog, Bashirian and Grimes');
insert into BOOK (Bookid, Title, Copies, Publisher) values (58, 'Thin Blue Lie, The', 9, 'Wolf-Ritchie');
insert into BOOK (Bookid, Title, Copies, Publisher) values (59, 'Steamboy (Suchîmubôi)', 9, 'Senger-MacGyver');
insert into BOOK (Bookid, Title, Copies, Publisher) values (60, 'Thirteen, The (Trinadtsat)', 15, 'Leannon, Beahan and Feeney');
insert into BOOK (Bookid, Title, Copies, Publisher) values (61, 'Eat', 6, 'Wuckert Inc');
insert into BOOK (Bookid, Title, Copies, Publisher) values (62, 'Torn Curtain', 3, 'Schmidt, Hintz and Spinka');
insert into BOOK (Bookid, Title, Copies, Publisher) values (63, 'A Short History of Decay', 26, 'Cremin, Bartoletti and Braun');
insert into BOOK (Bookid, Title, Copies, Publisher) values (64, 'World of Kanako, The (Kawaki.)', 29, 'Bogisich, Parisian and Dickens');
insert into BOOK (Bookid, Title, Copies, Publisher) values (65, 'Killer Movie', 11, 'Boehm-Hahn');
insert into BOOK (Bookid, Title, Copies, Publisher) values (66, 'Phantom, The', 28, 'Crona-Zulauf');
insert into BOOK (Bookid, Title, Copies, Publisher) values (67, 'A Pigeon Sat on a Branch Reflecting on Existence', 21, 'Nikolaus-Schuster');
insert into BOOK (Bookid, Title, Copies, Publisher) values (68, 'Mr. Wonderful', 15, 'Kulas-Balistreri');
insert into BOOK (Bookid, Title, Copies, Publisher) values (69, 'All About Lily Chou-Chou (Riri Shushu no subete)', 18, 'Schaden-Trantow');
insert into BOOK (Bookid, Title, Copies, Publisher) values (70, 'Year of the Dog', 2, 'Anderson, Mayer and Ritchie');
insert into BOOK (Bookid, Title, Copies, Publisher) values (71, 'Wicker Man, The', 13, 'Crooks, Ratke and Jerde');
insert into BOOK (Bookid, Title, Copies, Publisher) values (72, 'Svampe', 6, 'King, Swift and Hansen');
insert into BOOK (Bookid, Title, Copies, Publisher) values (73, 'My Wife Is a Gangster 2 (Jopog manura 2: Dolaon jeonseol)', 22, 'Fay, Luettgen and Cassin');
insert into BOOK (Bookid, Title, Copies, Publisher) values (74, 'Breathe In', 12, 'Weimann, Jaskolski and Denesik');
insert into BOOK (Bookid, Title, Copies, Publisher) values (75, 'Tron: Legacy', 20, 'Howe LLC');
insert into BOOK (Bookid, Title, Copies, Publisher) values (76, 'Sure Thing, The', 20, 'Muller-Sporer');
insert into BOOK (Bookid, Title, Copies, Publisher) values (77, 'Beneath the Valley of the Ultra-Vixens', 21, 'Lueilwitz and Sons');
insert into BOOK (Bookid, Title, Copies, Publisher) values (78, 'Forget Baghdad: Jews and Arabs - The Iraqi Connection', 28, 'Kozey-Berge');
insert into BOOK (Bookid, Title, Copies, Publisher) values (79, 'Wreck-It Ralph', 10, 'Conn LLC');
insert into BOOK (Bookid, Title, Copies, Publisher) values (80, 'Mark, The', 17, 'Bergstrom, Bednar and Heller');
insert into BOOK (Bookid, Title, Copies, Publisher) values (81, 'Kolya (Kolja)', 12, 'Boyer Group');
insert into BOOK (Bookid, Title, Copies, Publisher) values (82, 'Mercy ', 22, 'Hagenes, Rath and Hintz');
insert into BOOK (Bookid, Title, Copies, Publisher) values (83, 'Reckless', 16, 'Schmeler Group');
insert into BOOK (Bookid, Title, Copies, Publisher) values (84, 'True Grit', 19, 'Johns Inc');
insert into BOOK (Bookid, Title, Copies, Publisher) values (85, 'Chopping Mall (a.k.a. Killbots)', 6, 'Feest, Marquardt and Bode');
insert into BOOK (Bookid, Title, Copies, Publisher) values (86, 'Stuck on You', 29, 'Herzog LLC');
insert into BOOK (Bookid, Title, Copies, Publisher) values (87, 'Spy Who Came in from the Cold, The', 14, 'Flatley LLC');
insert into BOOK (Bookid, Title, Copies, Publisher) values (88, 'My First War', 15, 'Carroll, Fisher and Grant');
insert into BOOK (Bookid, Title, Copies, Publisher) values (89, 'Day Night Day Night', 4, 'Reilly, Rath and Hilpert');
insert into BOOK (Bookid, Title, Copies, Publisher) values (90, 'Kicked in the Head', 3, 'Kulas, Kerluke and Oberbrunner');
insert into BOOK (Bookid, Title, Copies, Publisher) values (91, 'Underworld: Awakening', 7, 'Pacocha, Donnelly and Blick');
insert into BOOK (Bookid, Title, Copies, Publisher) values (92, 'Shoeshine (Sciuscià)', 3, 'Okuneva LLC');
insert into BOOK (Bookid, Title, Copies, Publisher) values (93, 'Montana', 25, 'Breitenberg-Spinka');
insert into BOOK (Bookid, Title, Copies, Publisher) values (94, 'How Do You Know', 8, 'Wilderman, Harris and Schuppe');
insert into BOOK (Bookid, Title, Copies, Publisher) values (95, 'Vampire Bat, The', 22, 'White Inc');
insert into BOOK (Bookid, Title, Copies, Publisher) values (96, 'Kingdom, The', 19, 'Purdy LLC');
insert into BOOK (Bookid, Title, Copies, Publisher) values (97, 'World Traveler', 2, 'Zieme and Sons');
insert into BOOK (Bookid, Title, Copies, Publisher) values (98, 'Moon Warriors, The (Zhan shen chuan shuo)', 21, 'Oberbrunner, Rowe and Wilkinson');
insert into BOOK (Bookid, Title, Copies, Publisher) values (99, 'Gigi', 29, 'Satterfield, Conroy and McDermott');
insert into BOOK (Bookid, Title, Copies, Publisher) values (100, 'Election Day', 26, 'Ferry-Kozey');

insert into AUTHOR (Authorid, FirstName, LastName) values (1, 'Baily', 'Neggrini');
insert into AUTHOR (Authorid, FirstName, LastName) values (2, 'Annecorinne', 'Nelane');
insert into AUTHOR (Authorid, FirstName, LastName) values (3, 'Cassie', 'Bril');
insert into AUTHOR (Authorid, FirstName, LastName) values (4, 'Ethelind', 'Linsley');
insert into AUTHOR (Authorid, FirstName, LastName) values (5, 'Joshua', 'Tink');
insert into AUTHOR (Authorid, FirstName, LastName) values (6, 'Coop', 'Lory');
insert into AUTHOR (Authorid, FirstName, LastName) values (7, 'Anna', 'Simic');
insert into AUTHOR (Authorid, FirstName, LastName) values (8, 'Anabelle', 'Tourner');
insert into AUTHOR (Authorid, FirstName, LastName) values (9, 'Neale', 'Cornbill');
insert into AUTHOR (Authorid, FirstName, LastName) values (10, 'Tammy', 'Mackiewicz');
insert into AUTHOR (Authorid, FirstName, LastName) values (11, 'Agnola', 'McEntegart');
insert into AUTHOR (Authorid, FirstName, LastName) values (12, 'Renaldo', 'Bridgeland');
insert into AUTHOR (Authorid, FirstName, LastName) values (13, 'Ashlie', 'Bodycombe');
insert into AUTHOR (Authorid, FirstName, LastName) values (14, 'Loraine', 'Dilke');
insert into AUTHOR (Authorid, FirstName, LastName) values (15, 'Launce', 'Dawe');
insert into AUTHOR (Authorid, FirstName, LastName) values (16, 'Fraser', 'Wrighton');
insert into AUTHOR (Authorid, FirstName, LastName) values (17, 'Blondell', 'Oakwood');
insert into AUTHOR (Authorid, FirstName, LastName) values (18, 'Rolfe', 'March');
insert into AUTHOR (Authorid, FirstName, LastName) values (19, 'Sasha', 'Vockins');
insert into AUTHOR (Authorid, FirstName, LastName) values (20, 'Rayner', 'Baynham');
insert into AUTHOR (Authorid, FirstName, LastName) values (21, 'Ardene', 'Erskine Sandys');
insert into AUTHOR (Authorid, FirstName, LastName) values (22, 'Parsifal', 'Capstaff');
insert into AUTHOR (Authorid, FirstName, LastName) values (23, 'Lock', 'Duckwith');
insert into AUTHOR (Authorid, FirstName, LastName) values (24, 'Letty', 'Pummery');
insert into AUTHOR (Authorid, FirstName, LastName) values (25, 'Nadine', 'Janic');
insert into AUTHOR (Authorid, FirstName, LastName) values (26, 'Saul', 'Phipson');
insert into AUTHOR (Authorid, FirstName, LastName) values (27, 'Nikola', 'Furlow');
insert into AUTHOR (Authorid, FirstName, LastName) values (28, 'Gardener', 'Graeser');
insert into AUTHOR (Authorid, FirstName, LastName) values (29, 'Dorian', 'Vaadeland');
insert into AUTHOR (Authorid, FirstName, LastName) values (30, 'Giralda', 'Deely');
insert into AUTHOR (Authorid, FirstName, LastName) values (31, 'Sibyl', 'Josovitz');
insert into AUTHOR (Authorid, FirstName, LastName) values (32, 'Gordy', 'Bartle');
insert into AUTHOR (Authorid, FirstName, LastName) values (33, 'Cole', 'Shallo');
insert into AUTHOR (Authorid, FirstName, LastName) values (34, 'Francklin', 'Philipsen');
insert into AUTHOR (Authorid, FirstName, LastName) values (35, 'Edeline', 'Kobel');
insert into AUTHOR (Authorid, FirstName, LastName) values (36, 'Sansone', 'O''Carran');
insert into AUTHOR (Authorid, FirstName, LastName) values (37, 'Constantine', 'Crimmins');
insert into AUTHOR (Authorid, FirstName, LastName) values (38, 'Kari', 'Thaxton');
insert into AUTHOR (Authorid, FirstName, LastName) values (39, 'Yasmin', 'Leng');
insert into AUTHOR (Authorid, FirstName, LastName) values (40, 'Gwendolyn', 'Jell');
insert into AUTHOR (Authorid, FirstName, LastName) values (41, 'Todd', 'Palister');
insert into AUTHOR (Authorid, FirstName, LastName) values (42, 'Robby', 'Couth');
insert into AUTHOR (Authorid, FirstName, LastName) values (43, 'Mari', 'Cairney');
insert into AUTHOR (Authorid, FirstName, LastName) values (44, 'Tiler', 'Byrom');
insert into AUTHOR (Authorid, FirstName, LastName) values (45, 'Tyrus', 'Cornilleau');
insert into AUTHOR (Authorid, FirstName, LastName) values (46, 'Mirabel', 'Norster');
insert into AUTHOR (Authorid, FirstName, LastName) values (47, 'Bennie', 'Witchard');
insert into AUTHOR (Authorid, FirstName, LastName) values (48, 'Nellie', 'Punter');
insert into AUTHOR (Authorid, FirstName, LastName) values (49, 'Malachi', 'Barde');
insert into AUTHOR (Authorid, FirstName, LastName) values (50, 'Tomkin', 'MacAskill');
insert into AUTHOR (Authorid, FirstName, LastName) values (51, 'Carmita', 'Decayette');
insert into AUTHOR (Authorid, FirstName, LastName) values (52, 'Reeba', 'Killingworth');
insert into AUTHOR (Authorid, FirstName, LastName) values (53, 'Kippie', 'Teek');
insert into AUTHOR (Authorid, FirstName, LastName) values (54, 'Lucas', 'Whitebrook');
insert into AUTHOR (Authorid, FirstName, LastName) values (55, 'Barris', 'Connow');
insert into AUTHOR (Authorid, FirstName, LastName) values (56, 'Hunter', 'Backson');
insert into AUTHOR (Authorid, FirstName, LastName) values (57, 'Tamra', 'MacCleay');
insert into AUTHOR (Authorid, FirstName, LastName) values (58, 'Chelsae', 'Leffek');
insert into AUTHOR (Authorid, FirstName, LastName) values (59, 'Charlton', 'Stower');
insert into AUTHOR (Authorid, FirstName, LastName) values (60, 'Iorgo', 'Bendare');
insert into AUTHOR (Authorid, FirstName, LastName) values (61, 'Derek', 'Wawer');
insert into AUTHOR (Authorid, FirstName, LastName) values (62, 'Marie-ann', 'Bischop');
insert into AUTHOR (Authorid, FirstName, LastName) values (63, 'Northrop', 'Luther');
insert into AUTHOR (Authorid, FirstName, LastName) values (64, 'Hamlen', 'Jent');
insert into AUTHOR (Authorid, FirstName, LastName) values (65, 'Emmett', 'Kolak');
insert into AUTHOR (Authorid, FirstName, LastName) values (66, 'Ezekiel', 'Friett');
insert into AUTHOR (Authorid, FirstName, LastName) values (67, 'Dannel', 'Battisson');
insert into AUTHOR (Authorid, FirstName, LastName) values (68, 'Ravi', 'Grinston');
insert into AUTHOR (Authorid, FirstName, LastName) values (69, 'Feliks', 'Breeton');
insert into AUTHOR (Authorid, FirstName, LastName) values (70, 'Binny', 'Delacourt');
insert into AUTHOR (Authorid, FirstName, LastName) values (71, 'Kin', 'Levine');
insert into AUTHOR (Authorid, FirstName, LastName) values (72, 'Sidnee', 'Vannacci');
insert into AUTHOR (Authorid, FirstName, LastName) values (73, 'Mavra', 'Dmitrovic');
insert into AUTHOR (Authorid, FirstName, LastName) values (74, 'Lamont', 'Renhard');
insert into AUTHOR (Authorid, FirstName, LastName) values (75, 'Nari', 'Kleinhaus');
insert into AUTHOR (Authorid, FirstName, LastName) values (76, 'Debra', 'O''Dyvoy');
insert into AUTHOR (Authorid, FirstName, LastName) values (77, 'Pasquale', 'Sjollema');
insert into AUTHOR (Authorid, FirstName, LastName) values (78, 'Josey', 'Brabban');
insert into AUTHOR (Authorid, FirstName, LastName) values (79, 'Melisandra', 'Moatt');
insert into AUTHOR (Authorid, FirstName, LastName) values (80, 'Rachael', 'Tremlett');
insert into AUTHOR (Authorid, FirstName, LastName) values (81, 'Pooh', 'Dreigher');
insert into AUTHOR (Authorid, FirstName, LastName) values (82, 'Esma', 'Bartlomiej');
insert into AUTHOR (Authorid, FirstName, LastName) values (83, 'Chauncey', 'Shedd');
insert into AUTHOR (Authorid, FirstName, LastName) values (84, 'Katusha', 'Sweetenham');
insert into AUTHOR (Authorid, FirstName, LastName) values (85, 'Blinni', 'McLauchlin');
insert into AUTHOR (Authorid, FirstName, LastName) values (86, 'Constantine', 'Caldicott');
insert into AUTHOR (Authorid, FirstName, LastName) values (87, 'Lory', 'Pavis');
insert into AUTHOR (Authorid, FirstName, LastName) values (88, 'Court', 'Wilton');
insert into AUTHOR (Authorid, FirstName, LastName) values (89, 'Christoper', 'Hukin');
insert into AUTHOR (Authorid, FirstName, LastName) values (90, 'Dottie', 'Hanretty');
insert into AUTHOR (Authorid, FirstName, LastName) values (91, 'Normie', 'Trinke');
insert into AUTHOR (Authorid, FirstName, LastName) values (92, 'Sigismund', 'True');
insert into AUTHOR (Authorid, FirstName, LastName) values (93, 'Allianora', 'Sheran');
insert into AUTHOR (Authorid, FirstName, LastName) values (94, 'Sybil', 'Tappor');
insert into AUTHOR (Authorid, FirstName, LastName) values (95, 'Niven', 'Bradder');
insert into AUTHOR (Authorid, FirstName, LastName) values (96, 'Ezechiel', 'Scrannage');
insert into AUTHOR (Authorid, FirstName, LastName) values (97, 'Ring', 'Meugens');
insert into AUTHOR (Authorid, FirstName, LastName) values (98, 'Amelie', 'Greveson');
insert into AUTHOR (Authorid, FirstName, LastName) values (99, 'Sigrid', 'Blay');
insert into AUTHOR (Authorid, FirstName, LastName) values (100, 'Roselia', 'Malec');

insert into PERSONABOOK (PersonaId, BookId, AcqDate, ReturnDate, Fine) values (19, 89, '6/10/2021', '6/18/2021', 45);
insert into PERSONABOOK (PersonaId, BookId, AcqDate, ReturnDate, Fine) values (1, 77, '10/8/2021', '7/9/2021', 45);
insert into PERSONABOOK (PersonaId, BookId, AcqDate, ReturnDate, Fine) values (82, 29, '3/22/2021', '3/1/2021', 60);
insert into PERSONABOOK (PersonaId, BookId, AcqDate, ReturnDate, Fine) values (53, 14, '3/17/2021', '10/27/2020', 60);
insert into PERSONABOOK (PersonaId, BookId, AcqDate, ReturnDate, Fine) values (67, 96, '9/27/2021', '1/8/2021', 60);
insert into PERSONABOOK (PersonaId, BookId, AcqDate, ReturnDate, Fine) values (35, 43, '8/5/2021', '9/17/2021', 45);
insert into PERSONABOOK (PersonaId, BookId, AcqDate, ReturnDate, Fine) values (27, 78, '1/27/2021', '2/14/2021', 45);
insert into PERSONABOOK (PersonaId, BookId, AcqDate, ReturnDate, Fine) values (11, 6, '10/26/2021', '12/11/2020', 45);
insert into PERSONABOOK (PersonaId, BookId, AcqDate, ReturnDate, Fine) values (45, 55, '12/13/2020', '3/15/2021', 45);
insert into PERSONABOOK (PersonaId, BookId, AcqDate, ReturnDate, Fine) values (56, 62, '9/10/2021', '6/16/2021', 60);
insert into PERSONABOOK (PersonaId, BookId, AcqDate, ReturnDate, Fine) values (42, 87, '7/15/2021', '3/18/2021', 45);
insert into PERSONABOOK (PersonaId, BookId, AcqDate, ReturnDate, Fine) values (86, 66, '9/15/2021', '6/24/2021', 60);
insert into PERSONABOOK (PersonaId, BookId, AcqDate, ReturnDate, Fine) values (59, 44, '10/15/2021', '2/5/2021', 60);
insert into PERSONABOOK (PersonaId, BookId, AcqDate, ReturnDate, Fine) values (85, 66, '2/23/2021', '4/21/2021', 60);
insert into PERSONABOOK (PersonaId, BookId, AcqDate, ReturnDate, Fine) values (96, 46, '6/11/2021', '5/18/2021', 60);
insert into PERSONABOOK (PersonaId, BookId, AcqDate, ReturnDate, Fine) values (70, 88, '2/4/2021', '11/11/2020', 60);
insert into PERSONABOOK (PersonaId, BookId, AcqDate, ReturnDate, Fine) values (87, 12, '5/30/2021', '10/9/2021', 60);
insert into PERSONABOOK (PersonaId, BookId, AcqDate, ReturnDate, Fine) values (22, 56, '9/30/2021', '4/16/2021', 45);
insert into PERSONABOOK (PersonaId, BookId, AcqDate, ReturnDate, Fine) values (61, 62, '1/8/2021', '11/28/2020', 60);
insert into PERSONABOOK (PersonaId, BookId, AcqDate, ReturnDate, Fine) values (76, 73, '10/28/2020', '12/13/2020', 60);
insert into PERSONABOOK (PersonaId, BookId, AcqDate, ReturnDate, Fine) values (86, 26, '12/31/2020', '3/19/2021', 60);
insert into PERSONABOOK (PersonaId, BookId, AcqDate, ReturnDate, Fine) values (28, 8, '9/15/2021', '2/19/2021', 45);
insert into PERSONABOOK (PersonaId, BookId, AcqDate, ReturnDate, Fine) values (85, 44, '1/1/2021', '1/4/2021', 60);
insert into PERSONABOOK (PersonaId, BookId, AcqDate, ReturnDate, Fine) values (42, 41, '12/29/2020', '12/21/2020', 45);
insert into PERSONABOOK (PersonaId, BookId, AcqDate, ReturnDate, Fine) values (57, 79, '3/28/2021', '12/2/2020', 60);
insert into PERSONABOOK (PersonaId, BookId, AcqDate, ReturnDate, Fine) values (83, 35, '7/31/2021', '11/5/2020', 60);
insert into PERSONABOOK (PersonaId, BookId, AcqDate, ReturnDate, Fine) values (21, 31, '8/27/2021', '12/9/2020', 45);
insert into PERSONABOOK (PersonaId, BookId, AcqDate, ReturnDate, Fine) values (1, 69, '9/24/2021', '7/26/2021', 45);
insert into PERSONABOOK (PersonaId, BookId, AcqDate, ReturnDate, Fine) values (99, 11, '6/20/2021', '12/24/2020', 60);
insert into PERSONABOOK (PersonaId, BookId, AcqDate, ReturnDate, Fine) values (47, 63, '7/2/2021', '8/18/2021', 45);
insert into PERSONABOOK (PersonaId, BookId, AcqDate, ReturnDate, Fine) values (12, 50, '7/6/2021', '8/28/2021', 45);
insert into PERSONABOOK (PersonaId, BookId, AcqDate, ReturnDate, Fine) values (49, 30, '6/5/2021', '4/29/2021', 45);
insert into PERSONABOOK (PersonaId, BookId, AcqDate, ReturnDate, Fine) values (68, 96, '1/25/2021', '12/23/2020', 60);
insert into PERSONABOOK (PersonaId, BookId, AcqDate, ReturnDate, Fine) values (84, 73, '9/21/2021', '10/9/2021', 60);
insert into PERSONABOOK (PersonaId, BookId, AcqDate, ReturnDate, Fine) values (32, 37, '5/30/2021', '3/1/2021', 45);
insert into PERSONABOOK (PersonaId, BookId, AcqDate, ReturnDate, Fine) values (82, 54, '10/12/2021', '4/21/2021', 60);
insert into PERSONABOOK (PersonaId, BookId, AcqDate, ReturnDate, Fine) values (48, 98, '7/15/2021', '11/24/2020', 45);
insert into PERSONABOOK (PersonaId, BookId, AcqDate, ReturnDate, Fine) values (2, 37, '1/29/2021', '5/11/2021', 45);
insert into PERSONABOOK (PersonaId, BookId, AcqDate, ReturnDate, Fine) values (36, 84, '6/1/2021', '10/26/2021', 45);
insert into PERSONABOOK (PersonaId, BookId, AcqDate, ReturnDate, Fine) values (79, 90, '7/14/2021', '12/13/2020', 60);
insert into PERSONABOOK (PersonaId, BookId, AcqDate, ReturnDate, Fine) values (19, 89, '3/19/2021', '1/22/2021', 45);
insert into PERSONABOOK (PersonaId, BookId, AcqDate, ReturnDate, Fine) values (52, 21, '1/11/2021', '12/19/2020', 60);
insert into PERSONABOOK (PersonaId, BookId, AcqDate, ReturnDate, Fine) values (47, 94, '8/5/2021', '7/2/2021', 45);
insert into PERSONABOOK (PersonaId, BookId, AcqDate, ReturnDate, Fine) values (100, 74, '4/5/2021', '2/4/2021', 60);
insert into PERSONABOOK (PersonaId, BookId, AcqDate, ReturnDate, Fine) values (46, 87, '9/19/2021', '6/27/2021', 45);
insert into PERSONABOOK (PersonaId, BookId, AcqDate, ReturnDate, Fine) values (42, 43, '8/1/2021', '3/25/2021', 45);
insert into PERSONABOOK (PersonaId, BookId, AcqDate, ReturnDate, Fine) values (71, 98, '9/8/2021', '9/10/2021', 60);
insert into PERSONABOOK (PersonaId, BookId, AcqDate, ReturnDate, Fine) values (57, 38, '3/21/2021', '2/7/2021', 60);
insert into PERSONABOOK (PersonaId, BookId, AcqDate, ReturnDate, Fine) values (71, 99, '11/19/2020', '2/7/2021', 60);
insert into PERSONABOOK (PersonaId, BookId, AcqDate, ReturnDate, Fine) values (9, 72, '8/2/2021', '12/7/2020', 45);
insert into PERSONABOOK (PersonaId, BookId, AcqDate, ReturnDate, Fine) values (13, 35, '6/19/2021', '9/21/2021', 45);
insert into PERSONABOOK (PersonaId, BookId, AcqDate, ReturnDate, Fine) values (91, 1, '5/1/2021', '7/19/2021', 60);
insert into PERSONABOOK (PersonaId, BookId, AcqDate, ReturnDate, Fine) values (99, 58, '4/22/2021', '9/22/2021', 60);
insert into PERSONABOOK (PersonaId, BookId, AcqDate, ReturnDate, Fine) values (31, 21, '11/18/2020', '10/8/2021', 45);
insert into PERSONABOOK (PersonaId, BookId, AcqDate, ReturnDate, Fine) values (27, 17, '7/9/2021', '6/14/2021', 45);
insert into PERSONABOOK (PersonaId, BookId, AcqDate, ReturnDate, Fine) values (98, 61, '3/15/2021', '12/29/2020', 60);
insert into PERSONABOOK (PersonaId, BookId, AcqDate, ReturnDate, Fine) values (50, 78, '8/8/2021', '4/6/2021', 60);
insert into PERSONABOOK (PersonaId, BookId, AcqDate, ReturnDate, Fine) values (13, 69, '7/20/2021', '2/26/2021', 45);
insert into PERSONABOOK (PersonaId, BookId, AcqDate, ReturnDate, Fine) values (60, 86, '2/6/2021', '8/18/2021', 60);
insert into PERSONABOOK (PersonaId, BookId, AcqDate, ReturnDate, Fine) values (24, 96, '12/12/2020', '7/12/2021', 45);
insert into PERSONABOOK (PersonaId, BookId, AcqDate, ReturnDate, Fine) values (56, 1, '1/18/2021', '1/20/2021', 60);
insert into PERSONABOOK (PersonaId, BookId, AcqDate, ReturnDate, Fine) values (43, 17, '4/6/2021', '9/24/2021', 45);
insert into PERSONABOOK (PersonaId, BookId, AcqDate, ReturnDate, Fine) values (87, 23, '8/10/2021', '12/30/2020', 60);
insert into PERSONABOOK (PersonaId, BookId, AcqDate, ReturnDate, Fine) values (25, 98, '8/15/2021', '5/8/2021', 45);
insert into PERSONABOOK (PersonaId, BookId, AcqDate, ReturnDate, Fine) values (40, 93, '1/7/2021', '7/9/2021', 45);
insert into PERSONABOOK (PersonaId, BookId, AcqDate, ReturnDate, Fine) values (83, 91, '3/18/2021', '1/14/2021', 60);
insert into PERSONABOOK (PersonaId, BookId, AcqDate, ReturnDate, Fine) values (80, 24, '7/31/2021', '9/8/2021', 60);
insert into PERSONABOOK (PersonaId, BookId, AcqDate, ReturnDate, Fine) values (26, 90, '7/31/2021', '11/24/2020', 45);
insert into PERSONABOOK (PersonaId, BookId, AcqDate, ReturnDate, Fine) values (43, 94, '2/26/2021', '1/17/2021', 45);
insert into PERSONABOOK (PersonaId, BookId, AcqDate, ReturnDate, Fine) values (82, 30, '5/21/2021', '5/8/2021', 60);
insert into PERSONABOOK (PersonaId, BookId, AcqDate, ReturnDate, Fine) values (32, 62, '8/5/2021', '3/27/2021', 45);
insert into PERSONABOOK (PersonaId, BookId, AcqDate, ReturnDate, Fine) values (5, 78, '1/23/2021', '4/11/2021', 45);
insert into PERSONABOOK (PersonaId, BookId, AcqDate, ReturnDate, Fine) values (83, 80, '5/9/2021', '4/16/2021', 60);
insert into PERSONABOOK (PersonaId, BookId, AcqDate, ReturnDate, Fine) values (70, 36, '1/4/2021', '5/31/2021', 60);
insert into PERSONABOOK (PersonaId, BookId, AcqDate, ReturnDate, Fine) values (22, 19, '5/15/2021', '11/6/2020', 45);
insert into PERSONABOOK (PersonaId, BookId, AcqDate, ReturnDate, Fine) values (13, 12, '1/28/2021', '8/3/2021', 45);
insert into PERSONABOOK (PersonaId, BookId, AcqDate, ReturnDate, Fine) values (78, 3, '8/8/2021', '5/15/2021', 60);
insert into PERSONABOOK (PersonaId, BookId, AcqDate, ReturnDate, Fine) values (38, 45, '8/22/2021', '1/20/2021', 45);
insert into PERSONABOOK (PersonaId, BookId, AcqDate, ReturnDate, Fine) values (34, 72, '11/27/2020', '10/18/2021', 45);
insert into PERSONABOOK (PersonaId, BookId, AcqDate, ReturnDate, Fine) values (3, 48, '7/5/2021', '3/4/2021', 45);
insert into PERSONABOOK (PersonaId, BookId, AcqDate, ReturnDate, Fine) values (16, 86, '4/11/2021', '1/4/2021', 45);
insert into PERSONABOOK (PersonaId, BookId, AcqDate, ReturnDate, Fine) values (71, 100, '5/24/2021', '3/16/2021', 60);
insert into PERSONABOOK (PersonaId, BookId, AcqDate, ReturnDate, Fine) values (67, 26, '11/5/2020', '3/3/2021', 60);
insert into PERSONABOOK (PersonaId, BookId, AcqDate, ReturnDate, Fine) values (52, 30, '5/27/2021', '7/22/2021', 60);
insert into PERSONABOOK (PersonaId, BookId, AcqDate, ReturnDate, Fine) values (84, 90, '6/19/2021', '7/25/2021', 60);
insert into PERSONABOOK (PersonaId, BookId, AcqDate, ReturnDate, Fine) values (99, 48, '10/3/2021', '1/2/2021', 60);
insert into PERSONABOOK (PersonaId, BookId, AcqDate, ReturnDate, Fine) values (58, 38, '12/23/2020', '4/12/2021', 60);
insert into PERSONABOOK (PersonaId, BookId, AcqDate, ReturnDate, Fine) values (9, 57, '7/27/2021', '5/11/2021', 45);
insert into PERSONABOOK (PersonaId, BookId, AcqDate, ReturnDate, Fine) values (23, 42, '6/13/2021', '8/15/2021', 45);
insert into PERSONABOOK (PersonaId, BookId, AcqDate, ReturnDate, Fine) values (79, 22, '6/1/2021', '12/17/2020', 60);
insert into PERSONABOOK (PersonaId, BookId, AcqDate, ReturnDate, Fine) values (94, 80, '9/14/2021', '7/24/2021', 60);
insert into PERSONABOOK (PersonaId, BookId, AcqDate, ReturnDate, Fine) values (52, 41, '6/15/2021', '4/22/2021', 60);
insert into PERSONABOOK (PersonaId, BookId, AcqDate, ReturnDate, Fine) values (14, 90, '9/7/2021', '8/15/2021', 45);
insert into PERSONABOOK (PersonaId, BookId, AcqDate, ReturnDate, Fine) values (82, 80, '2/4/2021', '5/25/2021', 60);
insert into PERSONABOOK (PersonaId, BookId, AcqDate, ReturnDate, Fine) values (35, 14, '3/22/2021', '3/12/2021', 45);
insert into PERSONABOOK (PersonaId, BookId, AcqDate, ReturnDate, Fine) values (13, 98, '3/10/2021', '2/24/2021', 45);
insert into PERSONABOOK (PersonaId, BookId, AcqDate, ReturnDate, Fine) values (79, 95, '2/17/2021', '6/30/2021', 60);
insert into PERSONABOOK (PersonaId, BookId, AcqDate, ReturnDate, Fine) values (61, 28, '10/13/2021', '6/28/2021', 60);
insert into PERSONABOOK (PersonaId, BookId, AcqDate, ReturnDate, Fine) values (23, 86, '9/21/2021', '3/22/2021', 45);
insert into PERSONABOOK (PersonaId, BookId, AcqDate, ReturnDate, Fine) values (53, 86, '4/9/2021', '3/20/2021', 60);

insert into BOOKAUTHOR (AuthorId, BookId) values (66, 65);
insert into BOOKAUTHOR (AuthorId, BookId) values (55, 6);
insert into BOOKAUTHOR (AuthorId, BookId) values (91, 72);
insert into BOOKAUTHOR (AuthorId, BookId) values (72, 90);
insert into BOOKAUTHOR (AuthorId, BookId) values (26, 92);
insert into BOOKAUTHOR (AuthorId, BookId) values (90, 66);
insert into BOOKAUTHOR (AuthorId, BookId) values (64, 42);
insert into BOOKAUTHOR (AuthorId, BookId) values (81, 18);
insert into BOOKAUTHOR (AuthorId, BookId) values (97, 72);
insert into BOOKAUTHOR (AuthorId, BookId) values (48, 30);
insert into BOOKAUTHOR (AuthorId, BookId) values (10, 94);
insert into BOOKAUTHOR (AuthorId, BookId) values (15, 86);
insert into BOOKAUTHOR (AuthorId, BookId) values (41, 7);
insert into BOOKAUTHOR (AuthorId, BookId) values (82, 35);
insert into BOOKAUTHOR (AuthorId, BookId) values (94, 51);
insert into BOOKAUTHOR (AuthorId, BookId) values (35, 10);
insert into BOOKAUTHOR (AuthorId, BookId) values (81, 36);
insert into BOOKAUTHOR (AuthorId, BookId) values (74, 91);
insert into BOOKAUTHOR (AuthorId, BookId) values (68, 20);
insert into BOOKAUTHOR (AuthorId, BookId) values (91, 19);
insert into BOOKAUTHOR (AuthorId, BookId) values (48, 33);
insert into BOOKAUTHOR (AuthorId, BookId) values (76, 61);
insert into BOOKAUTHOR (AuthorId, BookId) values (52, 92);
insert into BOOKAUTHOR (AuthorId, BookId) values (9, 38);
insert into BOOKAUTHOR (AuthorId, BookId) values (58, 66);
insert into BOOKAUTHOR (AuthorId, BookId) values (45, 54);
insert into BOOKAUTHOR (AuthorId, BookId) values (25, 35);
insert into BOOKAUTHOR (AuthorId, BookId) values (19, 12);
insert into BOOKAUTHOR (AuthorId, BookId) values (17, 13);
insert into BOOKAUTHOR (AuthorId, BookId) values (88, 95);
insert into BOOKAUTHOR (AuthorId, BookId) values (73, 62);
insert into BOOKAUTHOR (AuthorId, BookId) values (40, 96);
insert into BOOKAUTHOR (AuthorId, BookId) values (10, 39);
insert into BOOKAUTHOR (AuthorId, BookId) values (65, 74);
insert into BOOKAUTHOR (AuthorId, BookId) values (2, 40);
insert into BOOKAUTHOR (AuthorId, BookId) values (61, 74);
insert into BOOKAUTHOR (AuthorId, BookId) values (74, 1);
insert into BOOKAUTHOR (AuthorId, BookId) values (95, 85);
insert into BOOKAUTHOR (AuthorId, BookId) values (36, 88);
insert into BOOKAUTHOR (AuthorId, BookId) values (74, 69);
insert into BOOKAUTHOR (AuthorId, BookId) values (94, 80);
insert into BOOKAUTHOR (AuthorId, BookId) values (81, 61);
insert into BOOKAUTHOR (AuthorId, BookId) values (3, 87);
insert into BOOKAUTHOR (AuthorId, BookId) values (68, 88);
insert into BOOKAUTHOR (AuthorId, BookId) values (85, 55);
insert into BOOKAUTHOR (AuthorId, BookId) values (95, 42);
insert into BOOKAUTHOR (AuthorId, BookId) values (71, 41);
insert into BOOKAUTHOR (AuthorId, BookId) values (31, 25);
insert into BOOKAUTHOR (AuthorId, BookId) values (39, 25);
insert into BOOKAUTHOR (AuthorId, BookId) values (79, 1);
insert into BOOKAUTHOR (AuthorId, BookId) values (48, 17);
insert into BOOKAUTHOR (AuthorId, BookId) values (54, 70);
insert into BOOKAUTHOR (AuthorId, BookId) values (78, 6);
insert into BOOKAUTHOR (AuthorId, BookId) values (76, 83);
insert into BOOKAUTHOR (AuthorId, BookId) values (65, 70);
insert into BOOKAUTHOR (AuthorId, BookId) values (15, 48);
insert into BOOKAUTHOR (AuthorId, BookId) values (57, 95);
insert into BOOKAUTHOR (AuthorId, BookId) values (48, 44);
insert into BOOKAUTHOR (AuthorId, BookId) values (87, 18);
insert into BOOKAUTHOR (AuthorId, BookId) values (91, 58);
insert into BOOKAUTHOR (AuthorId, BookId) values (71, 54);
insert into BOOKAUTHOR (AuthorId, BookId) values (81, 83);
insert into BOOKAUTHOR (AuthorId, BookId) values (27, 61);
insert into BOOKAUTHOR (AuthorId, BookId) values (7, 81);
insert into BOOKAUTHOR (AuthorId, BookId) values (9, 60);
insert into BOOKAUTHOR (AuthorId, BookId) values (37, 20);
insert into BOOKAUTHOR (AuthorId, BookId) values (37, 45);
insert into BOOKAUTHOR (AuthorId, BookId) values (24, 79);
insert into BOOKAUTHOR (AuthorId, BookId) values (20, 25);
insert into BOOKAUTHOR (AuthorId, BookId) values (90, 31);
insert into BOOKAUTHOR (AuthorId, BookId) values (39, 2);
insert into BOOKAUTHOR (AuthorId, BookId) values (23, 59);
insert into BOOKAUTHOR (AuthorId, BookId) values (97, 17);
insert into BOOKAUTHOR (AuthorId, BookId) values (64, 16);
insert into BOOKAUTHOR (AuthorId, BookId) values (56, 56);
insert into BOOKAUTHOR (AuthorId, BookId) values (64, 97);
insert into BOOKAUTHOR (AuthorId, BookId) values (53, 11);
insert into BOOKAUTHOR (AuthorId, BookId) values (32, 36);
insert into BOOKAUTHOR (AuthorId, BookId) values (51, 14);
insert into BOOKAUTHOR (AuthorId, BookId) values (8, 17);
insert into BOOKAUTHOR (AuthorId, BookId) values (83, 82);
insert into BOOKAUTHOR (AuthorId, BookId) values (10, 35);
insert into BOOKAUTHOR (AuthorId, BookId) values (38, 27);
insert into BOOKAUTHOR (AuthorId, BookId) values (21, 9);
insert into BOOKAUTHOR (AuthorId, BookId) values (81, 29);
insert into BOOKAUTHOR (AuthorId, BookId) values (12, 78);
insert into BOOKAUTHOR (AuthorId, BookId) values (67, 27);
insert into BOOKAUTHOR (AuthorId, BookId) values (67, 36);
insert into BOOKAUTHOR (AuthorId, BookId) values (38, 30);
insert into BOOKAUTHOR (AuthorId, BookId) values (17, 26);
insert into BOOKAUTHOR (AuthorId, BookId) values (11, 14);
insert into BOOKAUTHOR (AuthorId, BookId) values (87, 42);
insert into BOOKAUTHOR (AuthorId, BookId) values (79, 25);
insert into BOOKAUTHOR (AuthorId, BookId) values (98, 15);
insert into BOOKAUTHOR (AuthorId, BookId) values (46, 9);
insert into BOOKAUTHOR (AuthorId, BookId) values (80, 39);
insert into BOOKAUTHOR (AuthorId, BookId) values (41, 38);
insert into BOOKAUTHOR (AuthorId, BookId) values (53, 80);
insert into BOOKAUTHOR (AuthorId, BookId) values (87, 81);
insert into BOOKAUTHOR (AuthorId, BookId) values (12, 18);
